id,first_name,last_name,email,gender,ip_address
1,Fredi,Mousley,fmousley0@yandex.ru,Bigender,111.41.100.176
2,Berne,Arbon,barbon1@cnbc.com,Male,84.34.209.193
3,Brina,Bromley,bbromley2@barnesandnoble.com,Female,92.131.41.29
4,Trumann,Hudel,thudel3@sohu.com,Non-binary,159.120.169.2
5,Frankie,Greensite,fgreensite4@businessinsider.com,Female,79.29.14.189
6,Bartholemy,Brabin,bbrabin5@devhub.com,Agender,125.219.100.208
7,Arlyn,O'Bradain,aobradain6@privacy.gov.au,Female,82.219.225.163
8,Bob,Raiston,braiston7@etsy.com,Male,247.226.72.205
9,Tab,Paradin,tparadin8@yandex.ru,Male,178.232.9.49
10,Conrado,Khosa,ckhosa9@bloglines.com,Male,214.129.213.59
11,Gaston,Perigoe,gperigoea@ebay.co.uk,Male,215.18.196.245
12,Muriel,McDougall,mmcdougallb@state.tx.us,Female,56.42.224.173
13,Ad,Johnsey,ajohnseyc@uiuc.edu,Male,76.207.77.219
14,Derek,Durbann,ddurbannd@topsy.com,Male,92.65.10.217
15,Vally,Vear,vveare@cbc.ca,Female,161.129.247.226
16,Colver,Arnault,carnaultf@patch.com,Male,123.11.241.14
17,Codie,Mewes,cmewesg@qq.com,Female,226.73.95.49
18,Agnes,Labbet,alabbeth@dagondesign.com,Genderqueer,190.208.47.228
19,Alta,Housecroft,ahousecrofti@google.fr,Genderqueer,166.73.254.205
20,Sydelle,Mc Queen,smcqueenj@cdc.gov,Genderfluid,214.83.92.68
21,Annadiane,Kornyakov,akornyakovk@dropbox.com,Female,19.109.194.175
22,Gamaliel,Bansal,gbansall@ucoz.ru,Male,84.179.196.16
23,Jess,Thebeau,jthebeaum@sciencedirect.com,Male,196.76.228.13
24,Iolande,Ewing,iewingn@bizjournals.com,Female,62.181.122.101
25,Adey,Mosdill,amosdillo@plala.or.jp,Female,78.41.186.210
26,Barth,Tebbitt,btebbittp@wsj.com,Male,219.29.132.28
27,Agretha,O'Daly,aodalyq@berkeley.edu,Female,97.170.251.199
28,Lawton,Frostdicke,lfrostdicker@oakley.com,Male,169.46.153.194
29,Virgil,Myford,vmyfords@dropbox.com,Male,210.68.171.200
30,Brit,Porker,bporkert@blogtalkradio.com,Male,23.150.81.228
31,Tomas,Ousley,tousleyu@rediff.com,Male,103.68.235.213
32,Elliot,Laurentin,elaurentinv@cdbaby.com,Male,244.252.90.251
33,Sloane,Denial,sdenialw@businessweek.com,Male,37.26.222.229
34,Maryjo,Doward,mdowardx@newyorker.com,Female,171.230.199.27
35,Rosette,Tabary,rtabaryy@cocolog-nifty.com,Agender,59.144.31.59
36,Scot,Futcher,sfutcherz@jalbum.net,Male,155.37.174.201
37,Alexine,McCafferky,amccafferky10@vinaora.com,Female,64.150.24.22
38,Viki,Thwaites,vthwaites11@nydailynews.com,Female,214.133.18.230
39,Janel,Clarke,jclarke12@eepurl.com,Female,102.25.107.124
40,Garik,Theseira,gtheseira13@free.fr,Male,141.186.85.143
41,Lonna,Limpenny,llimpenny14@forbes.com,Female,209.10.156.9
42,Marysa,Lindberg,mlindberg15@goo.gl,Bigender,145.111.9.190
43,Kinsley,Bartke,kbartke16@about.me,Genderqueer,225.18.207.173
44,Roanne,Balentyne,rbalentyne17@ebay.com,Female,175.83.36.135
45,Edgard,Mc Meekin,emcmeekin18@reverbnation.com,Non-binary,55.76.205.28
46,Alyson,Cranage,acranage19@bigcartel.com,Female,207.228.240.74
47,Anabelle,Stotherfield,astotherfield1a@naver.com,Female,55.26.100.14
48,Stoddard,Mayoral,smayoral1b@europa.eu,Female,224.131.93.123
49,Dayle,Rettie,drettie1c@php.net,Female,8.130.91.52
50,Robinette,Ivakhin,rivakhin1d@usda.gov,Female,8.207.144.198
51,Dorthy,Barriball,dbarriball1e@admin.ch,Female,124.64.133.100
52,Korrie,Blabie,kblabie1f@unicef.org,Female,4.118.171.180
53,Fairlie,Attersoll,fattersoll1g@mozilla.com,Male,40.69.75.29
54,Britni,Matchitt,bmatchitt1h@senate.gov,Female,131.109.149.164
55,Karlis,Janes,kjanes1i@lycos.com,Male,69.0.5.82
56,Rozanna,Richings,rrichings1j@cargocollective.com,Female,1.71.85.177
57,Carr,Gentery,cgentery1k@wikimedia.org,Male,127.209.8.165
58,Cordelia,Blakely,cblakely1l@indiatimes.com,Female,81.122.205.133
59,Henrik,Benmore,hbenmore1m@1und1.de,Male,157.92.95.108
60,Marissa,Gallanders,mgallanders1n@intel.com,Female,185.53.13.198
61,Louisette,Rickardsson,lrickardsson1o@smugmug.com,Female,189.78.172.29
62,Gare,Shorey,gshorey1p@dion.ne.jp,Male,141.41.153.26
63,Renelle,Pledge,rpledge1q@wunderground.com,Female,97.190.86.11
64,Graeme,Gerge,ggerge1r@webnode.com,Male,100.209.156.173
65,Sven,Morfey,smorfey1s@bbc.co.uk,Male,41.213.17.85
66,Lind,Hinzer,lhinzer1t@ameblo.jp,Female,161.14.241.36
67,Javier,MacLaughlin,jmaclaughlin1u@independent.co.uk,Male,56.106.8.103
68,Aliza,Richichi,arichichi1v@kickstarter.com,Female,47.123.69.217
69,Yorke,Jeans,yjeans1w@csmonitor.com,Male,240.246.102.184
70,Reinhold,Backshall,rbackshall1x@reddit.com,Genderqueer,167.225.58.169
71,Zed,Poutress,zpoutress1y@google.de,Male,157.22.202.224
72,Dione,Lanmeid,dlanmeid1z@1688.com,Female,87.47.101.48
73,Wynnie,Columbine,wcolumbine20@businessinsider.com,Female,88.72.191.70
74,Brooks,Rickardsson,brickardsson21@walmart.com,Male,253.40.59.58
75,Vanya,Pulford,vpulford22@ameblo.jp,Male,162.78.73.151
76,Sebastian,Eyeington,seyeington23@naver.com,Male,209.4.98.229
77,Nessa,Corck,ncorck24@guardian.co.uk,Female,113.230.16.254
78,Raye,Quinion,rquinion25@alibaba.com,Female,43.219.222.247
79,Kellen,Searight,ksearight26@fema.gov,Female,95.144.198.69
80,Wolfie,Yaknov,wyaknov27@unesco.org,Male,173.205.115.185
81,Dene,Blankhorn,dblankhorn28@google.com.au,Male,131.109.55.77
82,Salvador,Bohl,sbohl29@ycombinator.com,Male,61.102.114.14
83,Cynthia,Strewthers,cstrewthers2a@woothemes.com,Female,163.197.119.221
84,Deck,Wardhough,dwardhough2b@house.gov,Male,83.176.243.21
85,Diahann,Sherston,dsherston2c@sbwire.com,Female,219.249.170.117
86,Curry,Karpychev,ckarpychev2d@dagondesign.com,Male,170.27.167.183
87,Wallis,Fennelow,wfennelow2e@theglobeandmail.com,Male,25.173.1.62
88,Haley,Bett,hbett2f@posterous.com,Male,212.233.222.208
89,Fayth,Lattin,flattin2g@paginegialle.it,Female,38.218.57.29
90,Silvan,Burgane,sburgane2h@smugmug.com,Male,36.191.132.113
91,Juliane,Rysdale,jrysdale2i@fastcompany.com,Female,63.94.101.96
92,Tiffi,Ewles,tewles2j@taobao.com,Female,51.143.25.174
93,Verine,Fantham,vfantham2k@theatlantic.com,Female,183.37.158.141
94,Dulcea,Gravenor,dgravenor2l@aboutads.info,Female,15.197.216.191
95,Thorin,Lambdean,tlambdean2m@slate.com,Male,237.141.42.29
96,Kimmi,Pouck,kpouck2n@whitehouse.gov,Female,224.181.128.6
97,Annabel,Labes,alabes2o@yolasite.com,Female,132.72.101.129
98,Andy,Brook,abrook2p@webeden.co.uk,Male,66.153.244.19
99,Lucius,Oxford,loxford2q@geocities.com,Male,174.237.97.218
100,Hamlin,Treadger,htreadger2r@phpbb.com,Male,38.36.202.110
